<?xml version="1.0" encoding="UTF-8"?>
<Envelope xmlns:xsi="http://www.w3.org/2001/XMLSchema-instance" type="String" xsi:noNamespaceSchemaLocation="file://Hpcf02/kunden$/03-Individual/Postfinance/yellowbill/Dokumentation/14_Technische%20Dokumente/05_YB%20Invoice%20Formate/yellowbill%20Invoice%202.0/01%20Rechnungssteller%20Einlieferung/01%20XSD-Schema/ybInvoice_V2.0.xsd">
	<Header>
		<From>Test CC</From>
		<To>IPECeBILLServer</To>
		<UseCase>CreateybInvoice</UseCase>
		<SessionID>1</SessionID>
		<Version>2.0</Version>
		<Status>0</Status>
	</Header>
	<Body>
		<DeliveryInfo>
			<BillerID>41100000000025069</BillerID>
			<eBillAccountID>41100000147678081</eBillAccountID> <!--ID of the provider in the PostFinance system is specified here if it's a Interconnect Connection-->
			<DeliveryDate>2020-06-15</DeliveryDate>
			<TransactionID>INTERCONNECT</TransactionID>
			<BillDetailsType>PDFSystem</BillDetailsType>
		</DeliveryInfo>
		<Bill>
			<Header>
				<DocumentType>BILL</DocumentType>
				<DocumentSubType>final</DocumentSubType>
				<DocumentID>4943</DocumentID>
				<DocumentReference>
					<ReferencePosition>1</ReferencePosition>
					<ReferenceType>Location</ReferenceType>
					<ReferenceValue>123</ReferenceValue>
				</DocumentReference>
				<DocumentDate>2020-06-15</DocumentDate>
				<SenderParty>
				<Network>
					<NetworkName>PostFinance</NetworkName>
					<NetworkID>41101000000215139</NetworkID>
				</Network>
					<TaxLiability>VAT</TaxLiability>
					<PartyType>
						<CustomerID>1234</CustomerID> 
						<Address>
							<CompanyName>Test Company</CompanyName>
							<Address1>Teststrasse 99</Address1>
							<ZIP>9999</ZIP>
							<City>Ortschaft</City>
							<Country>CH</Country>
							<Email>e-bill.help@postfinance.ch</Email>
							<Contact1>Helpdesk</Contact1>
						</Address>
						<TaxID>CHE-111.666.666</TaxID>
						<AdditionalReference>
							<ReferencePosition>1</ReferencePosition>
							<ReferenceType>GLN</ReferenceType>
							<ReferenceValue>7612355000004</ReferenceValue>
						</AdditionalReference>
					</PartyType>
				</SenderParty>
				<ReceiverParty>
				<Network>
					<NetworkName>SIXPaynet</NetworkName> <!--ProviderName-->
					<NetworkID>41010000000000000</NetworkID> <!--PayerID of the recpient in the Provider-System-->
				</Network>
					<PartyType>
						<CustomerID>ABC1</CustomerID> 
						<Address>
							<CompanyName>Test-Firma</CompanyName>
							<Address1>Mustergasse 69</Address1>
							<ZIP>3030</ZIP>
							<City>Bern</City>
							<Country>CH</Country>
						</Address>
						<TaxID>CHE-333.333.333</TaxID>
						<AdditionalReference>
							<ReferencePosition>1</ReferencePosition>
							<ReferenceType>GLN</ReferenceType>
							<ReferenceValue>7609999100505</ReferenceValue>
						</AdditionalReference>
					</PartyType>
				</ReceiverParty>
				<DeliveryPlace>
					<Address>
						<CompanyName>Test-Firma</CompanyName>
						<Address1>Mustergasse 68</Address1>
						<ZIP>3030</ZIP>
						<City>Bern</City>
						<Country>CH</Country>
					</Address>
				</DeliveryPlace>
				<AchievementDate>
					<StartDateAchievement>2020-06-15</StartDateAchievement>
					<EndDateAchievement>2020-06-15</EndDateAchievement>
				</AchievementDate>
				<Currency>CHF</Currency>
				<AccountAssignment>
					<OrderReference>
						<ReferencePosition>1</ReferencePosition>
						<ReferenceType>OrderReference</ReferenceType>
						<ReferenceValue>123</ReferenceValue>
					</OrderReference>
					<OrderDate>2020-06-05</OrderDate>
					<ProjectNumber>123</ProjectNumber>
				</AccountAssignment>
				<Language>de</Language>
				<PaymentInformation>
					<PaymentDueDate>2020-07-15</PaymentDueDate>
					<PaymentType>ESR</PaymentType>
					<fixAmount>Yes</fixAmount>
					<ESR>
						<ESRCustomerNumber>01-999999-7</ESRCustomerNumber>
						<ESRReferenceNumber>000000000012341005380010805</ESRReferenceNumber>
					</ESR>
				</PaymentInformation>
				<FreeText>Text Example</FreeText>
			</Header>
			<LineItems>
				<LineItem>
					<LineItemType>NORMAL</LineItemType>
					<LineItemID>1</LineItemID>
					<AchievementDate>
						<StartDateAchievement>2020-06-05</StartDateAchievement>
						<EndDateAchievement>2020-06-05</EndDateAchievement>
					</AchievementDate>
					<ProductDescription>YourProduct1</ProductDescription>
					<ProductID>110111</ProductID>
					<EAN>7612355436001</EAN>
					<Quantity>10</Quantity>
					<QuantityDescription>H87</QuantityDescription>
					<PriceUnit>1</PriceUnit>
					<PriceExclusiveTax>90.00</PriceExclusiveTax>
					<Tax>
						<TaxDetail>
							<Rate>8</Rate>
							<Amount>72.00</Amount>
							<BaseAmountExclusiveTax>900.00</BaseAmountExclusiveTax>
							<BaseAmountInclusiveTax>972.00</BaseAmountInclusiveTax>
						</TaxDetail>
						<TotalTax>72.00</TotalTax>
					</Tax>
					<AmountInclusiveTax>900.00</AmountInclusiveTax>
					<AmountExclusiveTax>972.00</AmountExclusiveTax>
				</LineItem>
					<LineItem>
					<LineItemType>NORMAL</LineItemType>
					<LineItemID>2</LineItemID>
					<AchievementDate>
						<StartDateAchievement>2020-06-05</StartDateAchievement>
						<EndDateAchievement>2020-06-05</EndDateAchievement>
					</AchievementDate>
					<ProductDescription>YourProduct2</ProductDescription>
					<ProductID>110112</ProductID>
					<EAN>7612355436002</EAN>
					<Quantity>10</Quantity>
					<QuantityDescription>H87</QuantityDescription>
					<PriceUnit>1</PriceUnit>
					<PriceExclusiveTax>90.00</PriceExclusiveTax>
					<Tax>
						<TaxDetail>
							<Rate>8</Rate>
							<Amount>72.00</Amount>
							<BaseAmountExclusiveTax>900.00</BaseAmountExclusiveTax>
							<BaseAmountInclusiveTax>972.00</BaseAmountInclusiveTax>
						</TaxDetail>
						<TotalTax>72.00</TotalTax>
					</Tax>
					<AmountInclusiveTax>900.00</AmountInclusiveTax>
					<AmountExclusiveTax>972.00</AmountExclusiveTax>
				</LineItem>
				<LineItem>
					<LineItemType>GLOBALALLOWANCEANDCHARGE</LineItemType>
					<LineItemID>100</LineItemID>
					<ProductDescription>AllowanceforthewholeInvoice</ProductDescription>
					<Quantity>000</Quantity>
					<QuantityDescription>H87</QuantityDescription>
					<PriceUnit>1</PriceUnit>
					<PriceExclusiveTax>200.00</PriceExclusiveTax>
					<Tax>
						<TaxDetail>
							<Rate>8</Rate>
							<Amount>16.00</Amount>
							<BaseAmountExclusiveTax>216.00</BaseAmountExclusiveTax>
							<BaseAmountInclusiveTax>200.00</BaseAmountInclusiveTax>
						</TaxDetail>
						<TotalTax>16.00</TotalTax>
					</Tax>
					<AmountInclusiveTax>216.00</AmountInclusiveTax>
					<AmountExclusiveTax>200.00</AmountExclusiveTax>
					<AllowanceAndCharge>
					<BaseAmount>2000</BaseAmount>
					<Rate>10</Rate>
					</AllowanceAndCharge>
				</LineItem>
			</LineItems>
			<Summary>
					<Tax>
						<TaxDetail>
							<Rate>8</Rate>
							<Amount>144.00</Amount>
							<BaseAmountExclusiveTax>1800.00</BaseAmountExclusiveTax>
							<BaseAmountInclusiveTax>1944.00</BaseAmountInclusiveTax>
						</TaxDetail>
						<TotalTax>144.00</TotalTax>
					</Tax>
				<TotalAmountExclusiveTax>1800.00</TotalAmountExclusiveTax>
				<TotalAmountInclusiveTax>1944.00</TotalAmountInclusiveTax>
				<TotalAmountPaid>444.00</TotalAmountPaid>
				<TotalAmountDue>1500.00</TotalAmountDue>
			</Summary>
		</Bill>
	</Body>
</Envelope>
